username,user id,access hash,group,group id
,5128224753,1136129509405514255,Shiba Inu Official Chat,1599080590
,5215425844,3344218272703135925,Shiba Inu Official Chat,1599080590
,5192418200,9002643639219510706,Shiba Inu Official Chat,1599080590
,5221280532,2515556125733734677,Shiba Inu Official Chat,1599080590
,2080557185,-8373419257245737434,Shiba Inu Official Chat,1599080590
,5189972602,482291603478977867,Shiba Inu Official Chat,1599080590
,5209946088,-4777542655193637038,Shiba Inu Official Chat,1599080590
,5136170713,-5681998834363593290,Shiba Inu Official Chat,1599080590
,2090910205,3590301917705720329,Shiba Inu Official Chat,1599080590
,5268974384,564672412729676241,Shiba Inu Official Chat,1599080590
,1727492946,8765492200983154221,Shiba Inu Official Chat,1599080590
,5288154195,-6767318576115081123,Shiba Inu Official Chat,1599080590
jomomarkKe,1482818433,3574458184775162194,Shiba Inu Official Chat,1599080590
Lovecfdogs,5034408618,-4449827548681737815,Shiba Inu Official Chat,1599080590
,2057818906,450697777832582988,Shiba Inu Official Chat,1599080590
,2084087441,-2967302082278442734,Shiba Inu Official Chat,1599080590
,5083463077,-1330372493911976176,Shiba Inu Official Chat,1599080590
,5009472629,-6336543810238821621,Shiba Inu Official Chat,1599080590
,5272609649,5629385702681421873,Shiba Inu Official Chat,1599080590
,5033179581,6458542957110993101,Shiba Inu Official Chat,1599080590
,5274455164,-721055933461695793,Shiba Inu Official Chat,1599080590
,5158092801,-4602325384695134321,Shiba Inu Official Chat,1599080590
,5235690955,2264838299915937346,Shiba Inu Official Chat,1599080590
,5109475563,-4443643628191106288,Shiba Inu Official Chat,1599080590
,5124579983,4346365326719024332,Shiba Inu Official Chat,1599080590
,5102186041,9042987762048965130,Shiba Inu Official Chat,1599080590
,5065368426,-1878147986922649941,Shiba Inu Official Chat,1599080590
,5287291799,6508916088109299700,Shiba Inu Official Chat,1599080590
,5168569518,-5524684855585969338,Shiba Inu Official Chat,1599080590
,5055180427,1302176792094276902,Shiba Inu Official Chat,1599080590
LukeSmitvvb,5095323490,7920061234619163975,Shiba Inu Official Chat,1599080590
Louverture_Admin,5069041203,4611863959970896144,Shiba Inu Official Chat,1599080590
,5251693387,-5281818521023524194,Shiba Inu Official Chat,1599080590
,5068099090,9160927938555013524,Shiba Inu Official Chat,1599080590
,5080168751,-6879848241204385476,Shiba Inu Official Chat,1599080590
,5010880912,-8389809267207909136,Shiba Inu Official Chat,1599080590
,5044479035,-7742011323772563911,Shiba Inu Official Chat,1599080590
,5513819457,5136849814600836737,Shiba Inu Official Chat,1599080590
,1965198497,7295548258518859381,Shiba Inu Official Chat,1599080590
,1801178471,4032560165521407837,Shiba Inu Official Chat,1599080590
NathalieGardet8,5072781988,6343142540158017928,Shiba Inu Official Chat,1599080590
,2074551032,-4247178305640611430,Shiba Inu Official Chat,1599080590
,5983849164,-8148807003327444493,Shiba Inu Official Chat,1599080590
irfan_nudin175,2057273890,4675970824746996765,Shiba Inu Official Chat,1599080590
,2010140386,4387761516013813884,Shiba Inu Official Chat,1599080590
,1970227548,-2570981192662699288,Shiba Inu Official Chat,1599080590
Jessimorlock4,2015167754,3396810805745050738,Shiba Inu Official Chat,1599080590
,1987033210,-3084829334592132946,Shiba Inu Official Chat,1599080590
hosien_589,5145807772,1919528500872574663,Shiba Inu Official Chat,1599080590
,5235205570,6174489228042217965,Shiba Inu Official Chat,1599080590
,5433622395,-3136357131556202912,Shiba Inu Official Chat,1599080590
,5510818533,5917677274536248780,Shiba Inu Official Chat,1599080590
,1937908197,-5366175035461770463,Shiba Inu Official Chat,1599080590
,5922680430,-7321966235830280902,Shiba Inu Official Chat,1599080590
,5257072109,-4487168997367496647,Shiba Inu Official Chat,1599080590
,2045134149,5303607685222240313,Shiba Inu Official Chat,1599080590
,5215700453,3681886582675264033,Shiba Inu Official Chat,1599080590
,5501840038,-3697696417440097673,Shiba Inu Official Chat,1599080590
HackerSuzon,1886057008,-1065254881085964573,Shiba Inu Official Chat,1599080590
gabbgabb01,5751957584,-7867936089869922628,Shiba Inu Official Chat,1599080590
